mean_fit_time,std_fit_time,mean_score_time,std_score_time,param_alpha,param_beta_1,param_hidden_layer_sizes,param_momentum,params,split0_test_score,split1_test_score,split2_test_score,mean_test_score,std_test_score,rank_test_score
35.475412686665855,18.20447547543181,0.07977986335754395,0.0028924139678086916,0.001,0.9,"(128,)",0.5,"{'alpha': 0.001, 'beta_1': 0.9, 'hidden_layer_sizes': (128,), 'momentum': 0.5}",0.17711195556738155,0.0640831881136022,0.0640831881136022,0.10175944393152865,0.05328227195714981,70
35.41493026415507,18.20307383452005,0.07200368245442708,0.00790761287941797,0.001,0.9,"(128,)",0.7,"{'alpha': 0.001, 'beta_1': 0.9, 'hidden_layer_sizes': (128,), 'momentum': 0.7}",0.17711195556738155,0.0640831881136022,0.0640831881136022,0.10175944393152865,0.05328227195714981,70
35.58283940951029,18.273302998658426,0.09269126256306966,0.018812486498275202,0.001,0.9,"(128,)",0.9,"{'alpha': 0.001, 'beta_1': 0.9, 'hidden_layer_sizes': (128,), 'momentum': 0.9}",0.17711195556738155,0.0640831881136022,0.0640831881136022,0.10175944393152865,0.05328227195714981,70
204.76706687609354,20.957947196362916,0.2055997053782145,0.011744514007802537,0.001,0.9,"(512,)",0.5,"{'alpha': 0.001, 'beta_1': 0.9, 'hidden_layer_sizes': (512,), 'momentum': 0.5}",0.0636094165583207,0.06412551518633246,0.0855750945685243,0.0711033421043925,0.010235243165513554,97
203.66393248240152,22.526850803142967,0.21517634391784668,0.0053334057339667115,0.001,0.9,"(512,)",0.7,"{'alpha': 0.001, 'beta_1': 0.9, 'hidden_layer_sizes': (512,), 'momentum': 0.7}",0.0636094165583207,0.06412551518633246,0.0855750945685243,0.0711033421043925,0.010235243165513554,97
207.45825815200806,20.334995676657503,0.2035535971323649,0.00496385065561042,0.001,0.9,"(512,)",0.9,"{'alpha': 0.001, 'beta_1': 0.9, 'hidden_layer_sizes': (512,), 'momentum': 0.9}",0.0636094165583207,0.06412551518633246,0.0855750945685243,0.0711033421043925,0.010235243165513554,97
450.9008786678314,43.98958597010386,0.3899543285369873,0.0007397572076131662,0.001,0.9,"(1024,)",0.5,"{'alpha': 0.001, 'beta_1': 0.9, 'hidden_layer_sizes': (1024,), 'momentum': 0.5}",0.1255314226808208,0.06989220911568421,0.0688510785380709,0.08809157011152531,0.026477385426408033,85
450.7913239002228,49.23486560532808,0.3787540594736735,0.016918753193060798,0.001,0.9,"(1024,)",0.7,"{'alpha': 0.001, 'beta_1': 0.9, 'hidden_layer_sizes': (1024,), 'momentum': 0.7}",0.1255314226808208,0.06989220911568421,0.0688510785380709,0.08809157011152531,0.026477385426408033,85
449.470960855484,49.37821930318011,0.4451162815093994,0.054755817452838404,0.001,0.9,"(1024,)",0.9,"{'alpha': 0.001, 'beta_1': 0.9, 'hidden_layer_sizes': (1024,), 'momentum': 0.9}",0.1255314226808208,0.06989220911568421,0.0688510785380709,0.08809157011152531,0.026477385426408033,85
613.8433280785879,272.78752550825027,0.8003494739532471,0.014908980465690497,0.001,0.9,"(2048,)",0.5,"{'alpha': 0.001, 'beta_1': 0.9, 'hidden_layer_sizes': (2048,), 'momentum': 0.5}",0.10917960980763834,0.0657328221413383,0.06433799204248332,0.07975014133048665,0.020817566282459895,88
635.2937994003296,293.26691050919175,0.782821257909139,0.041597361902462764,0.001,0.9,"(2048,)",0.7,"{'alpha': 0.001, 'beta_1': 0.9, 'hidden_layer_sizes': (2048,), 'momentum': 0.7}",0.10917960980763834,0.0657328221413383,0.06433799204248332,0.07975014133048665,0.020817566282459895,88
644.041627407074,306.19537849832926,0.8266332944234213,0.02787269692132742,0.001,0.9,"(2048,)",0.9,"{'alpha': 0.001, 'beta_1': 0.9, 'hidden_layer_sizes': (2048,), 'momentum': 0.9}",0.10917960980763834,0.0657328221413383,0.06433799204248332,0.07975014133048665,0.020817566282459895,88
45.694273710250854,9.177462344049305,0.08207893371582031,0.015376009895095247,0.001,0.9,"(128, 128)",0.5,"{'alpha': 0.001, 'beta_1': 0.9, 'hidden_layer_sizes': (128, 128), 'momentum': 0.5}",0.13638124381258618,0.2193542190891781,0.2332144913217901,0.19631665140785146,0.042756805300820946,16
45.76214734713236,9.436699567903844,0.08409992853800456,0.013313837994859466,0.001,0.9,"(128, 128)",0.7,"{'alpha': 0.001, 'beta_1': 0.9, 'hidden_layer_sizes': (128, 128), 'momentum': 0.7}",0.13638124381258618,0.2193542190891781,0.2332144913217901,0.19631665140785146,0.042756805300820946,16
45.752307971318565,9.30306763308518,0.07048368453979492,0.005688933172165425,0.001,0.9,"(128, 128)",0.9,"{'alpha': 0.001, 'beta_1': 0.9, 'hidden_layer_sizes': (128, 128), 'momentum': 0.9}",0.13638124381258618,0.2193542190891781,0.2332144913217901,0.19631665140785146,0.042756805300820946,16
95.05153044064839,33.943609534778794,0.23981380462646484,0.012767139830458867,0.001,0.9,"(512, 512)",0.5,"{'alpha': 0.001, 'beta_1': 0.9, 'hidden_layer_sizes': (512, 512), 'momentum': 0.5}",0.13847197221982896,0.2140257528112812,0.25800274623699687,0.203500157089369,0.04936255401456768,13
93.55189665158589,33.621365758082426,0.24329090118408203,0.023921769790539005,0.001,0.9,"(512, 512)",0.7,"{'alpha': 0.001, 'beta_1': 0.9, 'hidden_layer_sizes': (512, 512), 'momentum': 0.7}",0.13847197221982896,0.2140257528112812,0.25800274623699687,0.203500157089369,0.04936255401456768,13
94.67371344566345,33.91381460392804,0.21909268697102866,0.007476407502706633,0.001,0.9,"(512, 512)",0.9,"{'alpha': 0.001, 'beta_1': 0.9, 'hidden_layer_sizes': (512, 512), 'momentum': 0.9}",0.13847197221982896,0.2140257528112812,0.25800274623699687,0.203500157089369,0.04936255401456768,13
187.55077878634134,75.3878145530981,0.5032739639282227,0.04777967944379197,0.001,0.9,"(1024, 1024)",0.5,"{'alpha': 0.001, 'beta_1': 0.9, 'hidden_layer_sizes': (1024, 1024), 'momentum': 0.5}",0.0636094165583207,0.30384297351744977,0.0640831881136022,0.14384519272979088,0.11313568110195078,46
194.64652347564697,85.19276920229676,0.49551820755004883,0.003399101905779467,0.001,0.9,"(1024, 1024)",0.7,"{'alpha': 0.001, 'beta_1': 0.9, 'hidden_layer_sizes': (1024, 1024), 'momentum': 0.7}",0.0636094165583207,0.30384297351744977,0.0640831881136022,0.14384519272979088,0.11313568110195078,46
197.8483533859253,86.94349474805118,0.4785183270772298,0.03422574879138003,0.001,0.9,"(1024, 1024)",0.9,"{'alpha': 0.001, 'beta_1': 0.9, 'hidden_layer_sizes': (1024, 1024), 'momentum': 0.9}",0.0636094165583207,0.30384297351744977,0.0640831881136022,0.14384519272979088,0.11313568110195078,46
624.5890367031097,3.4664656327985357,1.1258399486541748,0.029259991014995258,0.001,0.9,"(2048, 2048)",0.5,"{'alpha': 0.001, 'beta_1': 0.9, 'hidden_layer_sizes': (2048, 2048), 'momentum': 0.5}",0.0636094165583207,0.0640831881136022,0.0640831881136022,0.0639252642618417,0.0002233380529818969,115
616.772881269455,6.284172644558679,1.1439607938130696,0.008953947125022203,0.001,0.9,"(2048, 2048)",0.7,"{'alpha': 0.001, 'beta_1': 0.9, 'hidden_layer_sizes': (2048, 2048), 'momentum': 0.7}",0.0636094165583207,0.0640831881136022,0.0640831881136022,0.0639252642618417,0.0002233380529818969,115
535.5207212766012,28.30764598553293,1.1259056727091472,0.016625560670590837,0.001,0.9,"(2048, 2048)",0.9,"{'alpha': 0.001, 'beta_1': 0.9, 'hidden_layer_sizes': (2048, 2048), 'momentum': 0.9}",0.0636094165583207,0.0640831881136022,0.0640831881136022,0.0639252642618417,0.0002233380529818969,115
42.39815370241801,22.595488910545676,0.08289488156636556,0.03264039619856763,0.001,0.95,"(128,)",0.5,"{'alpha': 0.001, 'beta_1': 0.95, 'hidden_layer_sizes': (128,), 'momentum': 0.5}",0.16719173172804033,0.0640831881136022,0.0640831881136022,0.09845270265174826,0.048605833592025395,73
39.721807400385536,20.451773166853304,0.09095001220703125,0.017458623302184235,0.001,0.95,"(128,)",0.7,"{'alpha': 0.001, 'beta_1': 0.95, 'hidden_layer_sizes': (128,), 'momentum': 0.7}",0.16719173172804033,0.0640831881136022,0.0640831881136022,0.09845270265174826,0.048605833592025395,73
37.973265965779625,20.3551060368759,0.06840133666992188,0.007409973527187283,0.001,0.95,"(128,)",0.9,"{'alpha': 0.001, 'beta_1': 0.95, 'hidden_layer_sizes': (128,), 'momentum': 0.9}",0.16719173172804033,0.0640831881136022,0.0640831881136022,0.09845270265174826,0.048605833592025395,73
119.6622310479482,83.75123501868926,0.1851189136505127,0.009178497169786894,0.001,0.95,"(512,)",0.5,"{'alpha': 0.001, 'beta_1': 0.95, 'hidden_layer_sizes': (512,), 'momentum': 0.5}",0.06365145847276771,0.1888062494153659,0.17549803702933392,0.14265191497248916,0.05612534320370921,49
127.54302676518758,94.59687498051247,0.20142459869384766,0.013244317704946733,0.001,0.95,"(512,)",0.7,"{'alpha': 0.001, 'beta_1': 0.95, 'hidden_layer_sizes': (512,), 'momentum': 0.7}",0.06365145847276771,0.1888062494153659,0.17549803702933392,0.14265191497248916,0.05612534320370921,49
121.64172053337097,86.5382665340062,0.20851771036783853,0.008889433892949751,0.001,0.95,"(512,)",0.9,"{'alpha': 0.001, 'beta_1': 0.95, 'hidden_layer_sizes': (512,), 'momentum': 0.9}",0.06365145847276771,0.1888062494153659,0.17549803702933392,0.14265191497248916,0.05612534320370921,49
186.43463412920633,47.20397682700229,0.39935072263081867,0.002784948207916775,0.001,0.95,"(1024,)",0.5,"{'alpha': 0.001, 'beta_1': 0.95, 'hidden_layer_sizes': (1024,), 'momentum': 0.5}",0.20416674212071917,0.1767883533412885,0.14120867103327675,0.17405458883176148,0.02577511435549188,28
187.19120701154074,47.723334895923934,0.39542460441589355,0.00431101676720094,0.001,0.95,"(1024,)",0.7,"{'alpha': 0.001, 'beta_1': 0.95, 'hidden_layer_sizes': (1024,), 'momentum': 0.7}",0.20416674212071917,0.1767883533412885,0.14120867103327675,0.17405458883176148,0.02577511435549188,28
189.03303535779318,49.127025046203464,0.44044796625773114,0.022766152262212645,0.001,0.95,"(1024,)",0.9,"{'alpha': 0.001, 'beta_1': 0.95, 'hidden_layer_sizes': (1024,), 'momentum': 0.9}",0.20416674212071917,0.1767883533412885,0.14120867103327675,0.17405458883176148,0.02577511435549188,28
253.13978672027588,96.22625248728679,0.7702202002207438,0.040282038945708906,0.001,0.95,"(2048,)",0.5,"{'alpha': 0.001, 'beta_1': 0.95, 'hidden_layer_sizes': (2048,), 'momentum': 0.5}",0.0688947293662248,0.16368640463748102,0.14060776759647484,0.12439630053339357,0.04036065884361362,61
253.81762194633484,96.92207522159111,0.7872064113616943,0.02593889799134893,0.001,0.95,"(2048,)",0.7,"{'alpha': 0.001, 'beta_1': 0.95, 'hidden_layer_sizes': (2048,), 'momentum': 0.7}",0.0688947293662248,0.16368640463748102,0.14060776759647484,0.12439630053339357,0.04036065884361362,61
250.8379827340444,96.0523974979132,0.7833499113718668,0.09042966951053996,0.001,0.95,"(2048,)",0.9,"{'alpha': 0.001, 'beta_1': 0.95, 'hidden_layer_sizes': (2048,), 'momentum': 0.9}",0.0688947293662248,0.16368640463748102,0.14060776759647484,0.12439630053339357,0.04036065884361362,61
28.752773920694988,4.118982002546447,0.06587465604146321,0.0034079308581089615,0.001,0.95,"(128, 128)",0.5,"{'alpha': 0.001, 'beta_1': 0.95, 'hidden_layer_sizes': (128, 128), 'momentum': 0.5}",0.16626148746764355,0.10407398814086567,0.12466100377562565,0.13166549312804496,0.02586656041359985,58
28.428637901941936,3.9207607618644347,0.0794367790222168,0.016008262070888093,0.001,0.95,"(128, 128)",0.7,"{'alpha': 0.001, 'beta_1': 0.95, 'hidden_layer_sizes': (128, 128), 'momentum': 0.7}",0.16626148746764355,0.10407398814086567,0.12466100377562565,0.13166549312804496,0.02586656041359985,58
28.511431376139324,4.188955245972158,0.07539224624633789,0.0031278792690872565,0.001,0.95,"(128, 128)",0.9,"{'alpha': 0.001, 'beta_1': 0.95, 'hidden_layer_sizes': (128, 128), 'momentum': 0.9}",0.16626148746764355,0.10407398814086567,0.12466100377562565,0.13166549312804496,0.02586656041359985,58
126.13526503245036,30.19946430508994,0.2260744571685791,0.011945001807108082,0.001,0.95,"(512, 512)",0.5,"{'alpha': 0.001, 'beta_1': 0.95, 'hidden_layer_sizes': (512, 512), 'momentum': 0.5}",0.29960081784181214,0.1897166378824453,0.23787171608304766,0.24239639060243504,0.044973975889510624,4
119.59189860026042,26.4431195860411,0.24623950322469076,0.0179107922048203,0.001,0.95,"(512, 512)",0.7,"{'alpha': 0.001, 'beta_1': 0.95, 'hidden_layer_sizes': (512, 512), 'momentum': 0.7}",0.29960081784181214,0.1897166378824453,0.23787171608304766,0.24239639060243504,0.044973975889510624,4
120.5664378007253,26.400328353433277,0.2297826608022054,0.010967533540519575,0.001,0.95,"(512, 512)",0.9,"{'alpha': 0.001, 'beta_1': 0.95, 'hidden_layer_sizes': (512, 512), 'momentum': 0.9}",0.29960081784181214,0.1897166378824453,0.23787171608304766,0.24239639060243504,0.044973975889510624,4
355.28875970840454,173.30165431519046,0.49738653500874835,0.023583505965434504,0.001,0.95,"(1024, 1024)",0.5,"{'alpha': 0.001, 'beta_1': 0.95, 'hidden_layer_sizes': (1024, 1024), 'momentum': 0.5}",0.0636094165583207,0.2987872994596267,0.34157506822764744,0.23465726141519827,0.12220398851012255,7
358.07795818646747,175.11814205907143,0.4689437548319499,0.03595701948901305,0.001,0.95,"(1024, 1024)",0.7,"{'alpha': 0.001, 'beta_1': 0.95, 'hidden_layer_sizes': (1024, 1024), 'momentum': 0.7}",0.0636094165583207,0.2987872994596267,0.34157506822764744,0.23465726141519827,0.12220398851012255,7
357.68235127131146,173.85454659845524,0.4964924653371175,0.03985797173024743,0.001,0.95,"(1024, 1024)",0.9,"{'alpha': 0.001, 'beta_1': 0.95, 'hidden_layer_sizes': (1024, 1024), 'momentum': 0.9}",0.0636094165583207,0.2987872994596267,0.34157506822764744,0.23465726141519827,0.12220398851012255,7
349.13284341494244,117.86036704651545,1.1725836594899495,0.009814173909156069,0.001,0.95,"(2048, 2048)",0.5,"{'alpha': 0.001, 'beta_1': 0.95, 'hidden_layer_sizes': (2048, 2048), 'momentum': 0.5}",0.0636094165583207,0.20596715631156978,0.0640831881136022,0.11121992032783089,0.06699669225561503,64
347.5944077173869,113.8371227704132,1.2418155670166016,0.06661017066933762,0.001,0.95,"(2048, 2048)",0.7,"{'alpha': 0.001, 'beta_1': 0.95, 'hidden_layer_sizes': (2048, 2048), 'momentum': 0.7}",0.0636094165583207,0.20596715631156978,0.0640831881136022,0.11121992032783089,0.06699669225561503,64
342.2979040145874,114.63006342747174,1.163451910018921,0.04368745193075867,0.001,0.95,"(2048, 2048)",0.9,"{'alpha': 0.001, 'beta_1': 0.95, 'hidden_layer_sizes': (2048, 2048), 'momentum': 0.9}",0.0636094165583207,0.20596715631156978,0.0640831881136022,0.11121992032783089,0.06699669225561503,64
49.70624534289042,4.980893156371895,0.07236536343892415,0.014275516118105298,0.001,0.99,"(128,)",0.5,"{'alpha': 0.001, 'beta_1': 0.99, 'hidden_layer_sizes': (128,), 'momentum': 0.5}",0.0636094165583207,0.0640831881136022,0.0640831881136022,0.0639252642618417,0.0002233380529818969,115
49.352412700653076,4.413593254187116,0.07797074317932129,0.002301556618282701,0.001,0.99,"(128,)",0.7,"{'alpha': 0.001, 'beta_1': 0.99, 'hidden_layer_sizes': (128,), 'momentum': 0.7}",0.0636094165583207,0.0640831881136022,0.0640831881136022,0.0639252642618417,0.0002233380529818969,115
48.569642543792725,4.5750812222459185,0.07064549128214519,0.005296285383524495,0.001,0.99,"(128,)",0.9,"{'alpha': 0.001, 'beta_1': 0.99, 'hidden_layer_sizes': (128,), 'momentum': 0.9}",0.0636094165583207,0.0640831881136022,0.0640831881136022,0.0639252642618417,0.0002233380529818969,115
93.42156839370728,11.099629519427562,0.2021645704905192,0.004065765977030253,0.001,0.99,"(512,)",0.5,"{'alpha': 0.001, 'beta_1': 0.99, 'hidden_layer_sizes': (512,), 'momentum': 0.5}",0.12665372087585772,0.1879132480250574,0.18167389665234074,0.1654136218510853,0.02752550113494927,37
95.50142741203308,12.413751896915544,0.21250271797180176,0.00528826953070482,0.001,0.99,"(512,)",0.7,"{'alpha': 0.001, 'beta_1': 0.99, 'hidden_layer_sizes': (512,), 'momentum': 0.7}",0.12665372087585772,0.1879132480250574,0.18167389665234074,0.1654136218510853,0.02752550113494927,37
94.19334530830383,11.676081904869035,0.20702004432678223,0.019319292742259138,0.001,0.99,"(512,)",0.9,"{'alpha': 0.001, 'beta_1': 0.99, 'hidden_layer_sizes': (512,), 'momentum': 0.9}",0.12665372087585772,0.1879132480250574,0.18167389665234074,0.1654136218510853,0.02752550113494927,37
354.1642727057139,155.70994609299856,0.3905285994211833,0.0074471013969615646,0.001,0.99,"(1024,)",0.5,"{'alpha': 0.001, 'beta_1': 0.99, 'hidden_layer_sizes': (1024,), 'momentum': 0.5}",0.23272096077901036,0.19060260488689024,0.16173992575346366,0.19502116380645473,0.029145835385965744,22
354.0761076609294,155.85937140606094,0.4140007495880127,0.06436966938601386,0.001,0.99,"(1024,)",0.7,"{'alpha': 0.001, 'beta_1': 0.99, 'hidden_layer_sizes': (1024,), 'momentum': 0.7}",0.23272096077901036,0.19060260488689024,0.16173992575346366,0.19502116380645473,0.029145835385965744,22
354.9803210099538,157.69178418871826,0.4247283140818278,0.028131697607945354,0.001,0.99,"(1024,)",0.9,"{'alpha': 0.001, 'beta_1': 0.99, 'hidden_layer_sizes': (1024,), 'momentum': 0.9}",0.23272096077901036,0.19060260488689024,0.16173992575346366,0.19502116380645473,0.029145835385965744,22
772.956832408905,45.01625332544971,0.8204625447591146,0.0025038339315990314,0.001,0.99,"(2048,)",0.5,"{'alpha': 0.001, 'beta_1': 0.99, 'hidden_layer_sizes': (2048,), 'momentum': 0.5}",0.07876168076020103,0.0640831881136022,0.0640831881136022,0.0689760189958018,0.006919507792004604,103
780.8029206593832,39.89899896133365,0.7884887854258219,0.02228227740473929,0.001,0.99,"(2048,)",0.7,"{'alpha': 0.001, 'beta_1': 0.99, 'hidden_layer_sizes': (2048,), 'momentum': 0.7}",0.07876168076020103,0.0640831881136022,0.0640831881136022,0.0689760189958018,0.006919507792004604,103
785.0631093978882,42.89308745276946,0.7991488774617513,0.01910454149530261,0.001,0.99,"(2048,)",0.9,"{'alpha': 0.001, 'beta_1': 0.99, 'hidden_layer_sizes': (2048,), 'momentum': 0.9}",0.07876168076020103,0.0640831881136022,0.0640831881136022,0.0689760189958018,0.006919507792004604,103
41.693553606669106,15.851304091287233,0.08131861686706543,0.007694702679711689,0.001,0.99,"(128, 128)",0.5,"{'alpha': 0.001, 'beta_1': 0.99, 'hidden_layer_sizes': (128, 128), 'momentum': 0.5}",0.18975661746489833,0.0640831881136022,0.19495658072472558,0.14959879543440868,0.06050591831141077,43
42.15230162938436,16.462162758227954,0.07154520352681477,0.013478102001567658,0.001,0.99,"(128, 128)",0.7,"{'alpha': 0.001, 'beta_1': 0.99, 'hidden_layer_sizes': (128, 128), 'momentum': 0.7}",0.18975661746489833,0.0640831881136022,0.19495658072472558,0.14959879543440868,0.06050591831141077,43
41.36322434743246,15.964359575501614,0.08295043309529622,0.008978925770449512,0.001,0.99,"(128, 128)",0.9,"{'alpha': 0.001, 'beta_1': 0.99, 'hidden_layer_sizes': (128, 128), 'momentum': 0.9}",0.18975661746489833,0.0640831881136022,0.19495658072472558,0.14959879543440868,0.06050591831141077,43
126.98845275243123,57.1166661896521,0.23366260528564453,0.007265707245586585,0.001,0.99,"(512, 512)",0.5,"{'alpha': 0.001, 'beta_1': 0.99, 'hidden_layer_sizes': (512, 512), 'momentum': 0.5}",0.3272755765515592,0.0640831881136022,0.0640831881136022,0.15181398425958786,0.12407008174744219,40
123.0167686144511,56.38508891916711,0.24441043535868326,0.014404142217182012,0.001,0.99,"(512, 512)",0.7,"{'alpha': 0.001, 'beta_1': 0.99, 'hidden_layer_sizes': (512, 512), 'momentum': 0.7}",0.3272755765515592,0.0640831881136022,0.0640831881136022,0.15181398425958786,0.12407008174744219,40
127.92481931050618,62.55515119578784,0.2271416982014974,0.015638643938738546,0.001,0.99,"(512, 512)",0.9,"{'alpha': 0.001, 'beta_1': 0.99, 'hidden_layer_sizes': (512, 512), 'momentum': 0.9}",0.3272755765515592,0.0640831881136022,0.0640831881136022,0.15181398425958786,0.12407008174744219,40
169.50747577349344,2.8511850365909517,0.5137263139088949,0.007265316654455941,0.001,0.99,"(1024, 1024)",0.5,"{'alpha': 0.001, 'beta_1': 0.99, 'hidden_layer_sizes': (1024, 1024), 'momentum': 0.5}",0.0636094165583207,0.0640831881136022,0.0640831881136022,0.0639252642618417,0.0002233380529818969,115
171.802539507548,4.42747677002701,0.506491502126058,0.00396026520453142,0.001,0.99,"(1024, 1024)",0.7,"{'alpha': 0.001, 'beta_1': 0.99, 'hidden_layer_sizes': (1024, 1024), 'momentum': 0.7}",0.0636094165583207,0.0640831881136022,0.0640831881136022,0.0639252642618417,0.0002233380529818969,115
177.34212533632913,5.0357095906073654,0.5006850560506185,0.04883591974194248,0.001,0.99,"(1024, 1024)",0.9,"{'alpha': 0.001, 'beta_1': 0.99, 'hidden_layer_sizes': (1024, 1024), 'momentum': 0.9}",0.0636094165583207,0.0640831881136022,0.0640831881136022,0.0639252642618417,0.0002233380529818969,115
399.3233080705007,20.85109632104802,1.1384450594584148,0.059551320937176876,0.001,0.99,"(2048, 2048)",0.5,"{'alpha': 0.001, 'beta_1': 0.99, 'hidden_layer_sizes': (2048, 2048), 'momentum': 0.5}",0.0636094165583207,0.0640831881136022,0.0640831881136022,0.0639252642618417,0.0002233380529818969,115
397.5127543608348,18.29144236643759,1.1810710430145264,0.10993205900414857,0.001,0.99,"(2048, 2048)",0.7,"{'alpha': 0.001, 'beta_1': 0.99, 'hidden_layer_sizes': (2048, 2048), 'momentum': 0.7}",0.0636094165583207,0.0640831881136022,0.0640831881136022,0.0639252642618417,0.0002233380529818969,115
388.47981746991474,20.517020263505213,1.1422065893809001,0.013181240047984353,0.001,0.99,"(2048, 2048)",0.9,"{'alpha': 0.001, 'beta_1': 0.99, 'hidden_layer_sizes': (2048, 2048), 'momentum': 0.9}",0.0636094165583207,0.0640831881136022,0.0640831881136022,0.0639252642618417,0.0002233380529818969,115
20.466265360514324,17.973046613936926,0.08263262112935384,0.003282781322429998,0.0001,0.9,"(128,)",0.5,"{'alpha': 0.0001, 'beta_1': 0.9, 'hidden_layer_sizes': (128,), 'momentum': 0.5}",0.08870878755062375,0.0640831881136022,0.11634313067617767,0.08971170211346786,0.021346815178166438,76
20.57426579793294,17.895627292513424,0.08518060048421223,0.004941274797741099,0.0001,0.9,"(128,)",0.7,"{'alpha': 0.0001, 'beta_1': 0.9, 'hidden_layer_sizes': (128,), 'momentum': 0.7}",0.08870878755062375,0.0640831881136022,0.11634313067617767,0.08971170211346786,0.021346815178166438,76
20.490299065907795,17.49004207101458,0.08450794219970703,0.015305539375784325,0.0001,0.9,"(128,)",0.9,"{'alpha': 0.0001, 'beta_1': 0.9, 'hidden_layer_sizes': (128,), 'momentum': 0.9}",0.08870878755062375,0.0640831881136022,0.11634313067617767,0.08971170211346786,0.021346815178166438,76
197.99400488535562,19.482879862245465,0.19529318809509277,0.013581980931459318,0.0001,0.9,"(512,)",0.5,"{'alpha': 0.0001, 'beta_1': 0.9, 'hidden_layer_sizes': (512,), 'momentum': 0.5}",0.0636094165583207,0.06416789821024939,0.06437719977677751,0.0640515048484492,0.00032407131791149405,109
195.1480720837911,18.452163009374942,0.20603426297505698,0.01726807996999054,0.0001,0.9,"(512,)",0.7,"{'alpha': 0.0001, 'beta_1': 0.9, 'hidden_layer_sizes': (512,), 'momentum': 0.7}",0.0636094165583207,0.06416789821024939,0.06437719977677751,0.0640515048484492,0.00032407131791149405,109
196.47408827145895,20.056080460025846,0.18862573305765787,0.01005069697778027,0.0001,0.9,"(512,)",0.9,"{'alpha': 0.0001, 'beta_1': 0.9, 'hidden_layer_sizes': (512,), 'momentum': 0.9}",0.0636094165583207,0.06416789821024939,0.06437719977677751,0.0640515048484492,0.00032407131791149405,109
362.82368938128155,61.6274376161909,0.3907279173533122,0.023101028563762133,0.0001,0.9,"(1024,)",0.5,"{'alpha': 0.0001, 'beta_1': 0.9, 'hidden_layer_sizes': (1024,), 'momentum': 0.5}",0.07898226177244995,0.12220176586785439,0.06421033729636728,0.08846478831222387,0.024606099232014414,82
366.2664319674174,64.37870408073518,0.3680129845937093,0.03545654516352583,0.0001,0.9,"(1024,)",0.7,"{'alpha': 0.0001, 'beta_1': 0.9, 'hidden_layer_sizes': (1024,), 'momentum': 0.7}",0.07898226177244995,0.12220176586785439,0.06421033729636728,0.08846478831222387,0.024606099232014414,82
368.60886756579083,62.215307746271925,0.378130038579305,0.03217054214924295,0.0001,0.9,"(1024,)",0.9,"{'alpha': 0.0001, 'beta_1': 0.9, 'hidden_layer_sizes': (1024,), 'momentum': 0.9}",0.07898226177244995,0.12220176586785439,0.06421033729636728,0.08846478831222387,0.024606099232014414,82
306.47006662686664,80.68487111500968,0.8850158055623373,0.08348813623023167,0.0001,0.9,"(2048,)",0.5,"{'alpha': 0.0001, 'beta_1': 0.9, 'hidden_layer_sizes': (2048,), 'momentum': 0.5}",0.08595598470370389,0.06583453243864643,0.07723618686390132,0.07634223466875055,0.008238833785156637,94
307.72925329208374,81.61291823523028,0.741713285446167,0.03454302656028672,0.0001,0.9,"(2048,)",0.7,"{'alpha': 0.0001, 'beta_1': 0.9, 'hidden_layer_sizes': (2048,), 'momentum': 0.7}",0.08595598470370389,0.06583453243864643,0.07723618686390132,0.07634223466875055,0.008238833785156637,94
303.76798152923584,79.33787592442124,0.7567710876464844,0.04306702892472735,0.0001,0.9,"(2048,)",0.9,"{'alpha': 0.0001, 'beta_1': 0.9, 'hidden_layer_sizes': (2048,), 'momentum': 0.9}",0.08595598470370389,0.06583453243864643,0.07723618686390132,0.07634223466875055,0.008238833785156637,94
33.907480239868164,11.540512689981327,0.07691868146260579,0.01054633516577412,0.0001,0.9,"(128, 128)",0.5,"{'alpha': 0.0001, 'beta_1': 0.9, 'hidden_layer_sizes': (128, 128), 'momentum': 0.5}",0.21482473431342783,0.22592546191935317,0.11520519557025212,0.18531846393434437,0.049784263503418115,25
33.3250892162323,11.802216379602596,0.0703879992167155,0.005880595184187075,0.0001,0.9,"(128, 128)",0.7,"{'alpha': 0.0001, 'beta_1': 0.9, 'hidden_layer_sizes': (128, 128), 'momentum': 0.7}",0.21482473431342783,0.22592546191935317,0.11520519557025212,0.18531846393434437,0.049784263503418115,25
33.412833293279014,11.974857574394132,0.07180968920389812,0.00969736287447967,0.0001,0.9,"(128, 128)",0.9,"{'alpha': 0.0001, 'beta_1': 0.9, 'hidden_layer_sizes': (128, 128), 'momentum': 0.9}",0.21482473431342783,0.22592546191935317,0.11520519557025212,0.18531846393434437,0.049784263503418115,25
69.13117655118306,14.335700747578098,0.2206136385599772,0.004162281993175349,0.0001,0.9,"(512, 512)",0.5,"{'alpha': 0.0001, 'beta_1': 0.9, 'hidden_layer_sizes': (512, 512), 'momentum': 0.5}",0.0636094165583207,0.01881686993846439,0.0656965303327225,0.04937427227650253,0.021624139893698716,142
67.42314958572388,13.160834427731649,0.22565507888793945,0.0048607692697927585,0.0001,0.9,"(512, 512)",0.7,"{'alpha': 0.0001, 'beta_1': 0.9, 'hidden_layer_sizes': (512, 512), 'momentum': 0.7}",0.0636094165583207,0.01881686993846439,0.0656965303327225,0.04937427227650253,0.021624139893698716,142
66.94908181826274,13.5882887767436,0.22253926595052084,0.0028819079676492545,0.0001,0.9,"(512, 512)",0.9,"{'alpha': 0.0001, 'beta_1': 0.9, 'hidden_layer_sizes': (512, 512), 'momentum': 0.9}",0.0636094165583207,0.01881686993846439,0.0656965303327225,0.04937427227650253,0.021624139893698716,142
98.04349168141682,26.368249608748084,0.48239978154500324,0.016199552819855172,0.0001,0.9,"(1024, 1024)",0.5,"{'alpha': 0.0001, 'beta_1': 0.9, 'hidden_layer_sizes': (1024, 1024), 'momentum': 0.5}",0.0636094165583207,0.0640831881136022,0.0640831881136022,0.0639252642618417,0.0002233380529818969,115
100.027321656545,28.18701507092798,0.5232256253560384,0.047589650368165405,0.0001,0.9,"(1024, 1024)",0.7,"{'alpha': 0.0001, 'beta_1': 0.9, 'hidden_layer_sizes': (1024, 1024), 'momentum': 0.7}",0.0636094165583207,0.0640831881136022,0.0640831881136022,0.0639252642618417,0.0002233380529818969,115
102.94334936141968,31.393060869155264,0.4691292444864909,0.006222349110254219,0.0001,0.9,"(1024, 1024)",0.9,"{'alpha': 0.0001, 'beta_1': 0.9, 'hidden_layer_sizes': (1024, 1024), 'momentum': 0.9}",0.0636094165583207,0.0640831881136022,0.0640831881136022,0.0639252642618417,0.0002233380529818969,115
341.19167137145996,31.319661000462045,1.1303802331288655,0.011966418311681666,0.0001,0.9,"(2048, 2048)",0.5,"{'alpha': 0.0001, 'beta_1': 0.9, 'hidden_layer_sizes': (2048, 2048), 'momentum': 0.5}",0.0636094165583207,0.0640831881136022,0.0640831881136022,0.0639252642618417,0.0002233380529818969,115
343.05468193689984,30.77425290156734,1.1696984767913818,0.0599784178071705,0.0001,0.9,"(2048, 2048)",0.7,"{'alpha': 0.0001, 'beta_1': 0.9, 'hidden_layer_sizes': (2048, 2048), 'momentum': 0.7}",0.0636094165583207,0.0640831881136022,0.0640831881136022,0.0639252642618417,0.0002233380529818969,115
335.2707438468933,32.13701311222109,1.141306718190511,0.028693593685921538,0.0001,0.9,"(2048, 2048)",0.9,"{'alpha': 0.0001, 'beta_1': 0.9, 'hidden_layer_sizes': (2048, 2048), 'momentum': 0.9}",0.0636094165583207,0.0640831881136022,0.0640831881136022,0.0639252642618417,0.0002233380529818969,115
54.29698101679484,4.7330155698631575,0.09062989552815755,0.018235619718473456,0.0001,0.95,"(128,)",0.5,"{'alpha': 0.0001, 'beta_1': 0.95, 'hidden_layer_sizes': (128,), 'momentum': 0.5}",0.0636094165583207,0.0640831881136022,0.0640831881136022,0.0639252642618417,0.0002233380529818969,115
49.68433936436971,5.555902927747048,0.08064691225687663,0.01538873474672094,0.0001,0.95,"(128,)",0.7,"{'alpha': 0.0001, 'beta_1': 0.95, 'hidden_layer_sizes': (128,), 'momentum': 0.7}",0.0636094165583207,0.0640831881136022,0.0640831881136022,0.0639252642618417,0.0002233380529818969,115
47.973581075668335,5.100225553648534,0.09370263417561848,0.007843923388215615,0.0001,0.95,"(128,)",0.9,"{'alpha': 0.0001, 'beta_1': 0.95, 'hidden_layer_sizes': (128,), 'momentum': 0.9}",0.0636094165583207,0.0640831881136022,0.0640831881136022,0.0639252642618417,0.0002233380529818969,115
105.67436957359314,53.495839264686026,0.18726444244384766,0.0106094336027784,0.0001,0.95,"(512,)",0.5,"{'alpha': 0.0001, 'beta_1': 0.95, 'hidden_layer_sizes': (512,), 'momentum': 0.5}",0.0636094165583207,0.13779414069416254,0.0640831881136022,0.08849558178869514,0.03485988188437178,79
108.78242135047913,53.91911389153169,0.21681531270345053,0.016396471486400808,0.0001,0.95,"(512,)",0.7,"{'alpha': 0.0001, 'beta_1': 0.95, 'hidden_layer_sizes': (512,), 'momentum': 0.7}",0.0636094165583207,0.13779414069416254,0.0640831881136022,0.08849558178869514,0.03485988188437178,79
107.17409658432007,54.37639723515176,0.2029709815979004,0.010274782319886449,0.0001,0.95,"(512,)",0.9,"{'alpha': 0.0001, 'beta_1': 0.95, 'hidden_layer_sizes': (512,), 'momentum': 0.9}",0.0636094165583207,0.13779414069416254,0.0640831881136022,0.08849558178869514,0.03485988188437178,79
396.89668067296344,27.345192901515993,0.3950202465057373,0.01206362278193007,0.0001,0.95,"(1024,)",0.5,"{'alpha': 0.0001, 'beta_1': 0.95, 'hidden_layer_sizes': (1024,), 'momentum': 0.5}",0.0636094165583207,0.06884600451509486,0.09781031086330035,0.0767552439789053,0.015040885268427957,91
396.1368137200673,26.56941848228533,0.3527468840281169,0.03156340889835929,0.0001,0.95,"(1024,)",0.7,"{'alpha': 0.0001, 'beta_1': 0.95, 'hidden_layer_sizes': (1024,), 'momentum': 0.7}",0.0636094165583207,0.06884600451509486,0.09781031086330035,0.0767552439789053,0.015040885268427957,91
395.7217981815338,28.23881463962047,0.3879724343617757,0.016424049030310684,0.0001,0.95,"(1024,)",0.9,"{'alpha': 0.0001, 'beta_1': 0.95, 'hidden_layer_sizes': (1024,), 'momentum': 0.9}",0.0636094165583207,0.06884600451509486,0.09781031086330035,0.0767552439789053,0.015040885268427957,91
308.4448872407277,135.9539131686324,0.7869661649068197,0.02625324617709142,0.0001,0.95,"(2048,)",0.5,"{'alpha': 0.0001, 'beta_1': 0.95, 'hidden_layer_sizes': (2048,), 'momentum': 0.5}",0.16901592798310341,0.17235372470328264,0.0640831881136022,0.13515094693332944,0.05027096563942582,55
307.92233872413635,135.11400922750406,0.7930475870768229,0.030163522564270042,0.0001,0.95,"(2048,)",0.7,"{'alpha': 0.0001, 'beta_1': 0.95, 'hidden_layer_sizes': (2048,), 'momentum': 0.7}",0.16901592798310341,0.17235372470328264,0.0640831881136022,0.13515094693332944,0.05027096563942582,55
308.74477473894757,135.75313214644927,0.8492360909779867,0.1344248900370555,0.0001,0.95,"(2048,)",0.9,"{'alpha': 0.0001, 'beta_1': 0.95, 'hidden_layer_sizes': (2048,), 'momentum': 0.9}",0.16901592798310341,0.17235372470328264,0.0640831881136022,0.13515094693332944,0.05027096563942582,55
24.002809047698975,17.747613610680045,0.08633971214294434,0.029010000934838548,0.0001,0.95,"(128, 128)",0.5,"{'alpha': 0.0001, 'beta_1': 0.95, 'hidden_layer_sizes': (128, 128), 'momentum': 0.5}",0.089647902187585,0.15414616522936772,0.18013476561080183,0.14130961100925152,0.038039899721454405,52
23.696587959925335,18.14346612956148,0.06244500478108724,0.008454725605295567,0.0001,0.95,"(128, 128)",0.7,"{'alpha': 0.0001, 'beta_1': 0.95, 'hidden_layer_sizes': (128, 128), 'momentum': 0.7}",0.089647902187585,0.15414616522936772,0.18013476561080183,0.14130961100925152,0.038039899721454405,52
23.410940329233807,17.767802963183634,0.064971923828125,0.012529819140279081,0.0001,0.95,"(128, 128)",0.9,"{'alpha': 0.0001, 'beta_1': 0.95, 'hidden_layer_sizes': (128, 128), 'momentum': 0.9}",0.089647902187585,0.15414616522936772,0.18013476561080183,0.14130961100925152,0.038039899721454405,52
182.56249976158142,31.4575051518995,0.22452290852864584,0.006845030843024967,0.0001,0.95,"(512, 512)",0.5,"{'alpha': 0.0001, 'beta_1': 0.95, 'hidden_layer_sizes': (512, 512), 'momentum': 0.5}",0.2938931650768746,0.29584325838003,0.3529810680053637,0.31423916382075606,0.027406228864496493,1
177.9156239827474,28.922823675013188,0.2337782382965088,0.011741964494156697,0.0001,0.95,"(512, 512)",0.7,"{'alpha': 0.0001, 'beta_1': 0.95, 'hidden_layer_sizes': (512, 512), 'momentum': 0.7}",0.2938931650768746,0.29584325838003,0.3529810680053637,0.31423916382075606,0.027406228864496493,1
180.84593534469604,30.592233232826075,0.22488093376159668,0.012694002371977224,0.0001,0.95,"(512, 512)",0.9,"{'alpha': 0.0001, 'beta_1': 0.95, 'hidden_layer_sizes': (512, 512), 'momentum': 0.9}",0.2938931650768746,0.29584325838003,0.3529810680053637,0.31423916382075606,0.027406228864496493,1
225.6835032304128,67.17387948573662,0.5056950251261393,0.0349000243549233,0.0001,0.95,"(1024, 1024)",0.5,"{'alpha': 0.0001, 'beta_1': 0.95, 'hidden_layer_sizes': (1024, 1024), 'momentum': 0.5}",0.0636094165583207,0.0640831881136022,0.0640831881136022,0.0639252642618417,0.0002233380529818969,115
230.42789888381958,70.0655631601426,0.5453500747680664,0.023162385123645424,0.0001,0.95,"(1024, 1024)",0.7,"{'alpha': 0.0001, 'beta_1': 0.95, 'hidden_layer_sizes': (1024, 1024), 'momentum': 0.7}",0.0636094165583207,0.0640831881136022,0.0640831881136022,0.0639252642618417,0.0002233380529818969,115
233.33508110046387,70.02468727917484,0.5194143454233805,0.061250685535049906,0.0001,0.95,"(1024, 1024)",0.9,"{'alpha': 0.0001, 'beta_1': 0.95, 'hidden_layer_sizes': (1024, 1024), 'momentum': 0.9}",0.0636094165583207,0.0640831881136022,0.0640831881136022,0.0639252642618417,0.0002233380529818969,115
344.00975433985394,137.5503728772269,1.2268099784851074,0.05054366833225112,0.0001,0.95,"(2048, 2048)",0.5,"{'alpha': 0.0001, 'beta_1': 0.95, 'hidden_layer_sizes': (2048, 2048), 'momentum': 0.5}",0.0636094165583207,0.0640831881136022,0.0640831881136022,0.0639252642618417,0.0002233380529818969,115
344.46229632695514,126.70695605990689,1.165075699488322,0.018367799649549068,0.0001,0.95,"(2048, 2048)",0.7,"{'alpha': 0.0001, 'beta_1': 0.95, 'hidden_layer_sizes': (2048, 2048), 'momentum': 0.7}",0.0636094165583207,0.0640831881136022,0.0640831881136022,0.0639252642618417,0.0002233380529818969,115
341.8962203661601,128.2532981072536,1.2218501567840576,0.06219851732071548,0.0001,0.95,"(2048, 2048)",0.9,"{'alpha': 0.0001, 'beta_1': 0.95, 'hidden_layer_sizes': (2048, 2048), 'momentum': 0.9}",0.0636094165583207,0.0640831881136022,0.0640831881136022,0.0639252642618417,0.0002233380529818969,115
48.554558436075844,1.903083894244992,0.07501928011576335,0.010057234164834002,0.0001,0.99,"(128,)",0.5,"{'alpha': 0.0001, 'beta_1': 0.99, 'hidden_layer_sizes': (128,), 'momentum': 0.5}",0.06369355599821268,0.0640831881136022,0.0640831881136022,0.0639533107418057,0.0001836743406399918,112
46.833478689193726,1.6752560033828172,0.06744106610616048,0.0029991499677254284,0.0001,0.99,"(128,)",0.7,"{'alpha': 0.0001, 'beta_1': 0.99, 'hidden_layer_sizes': (128,), 'momentum': 0.7}",0.06369355599821268,0.0640831881136022,0.0640831881136022,0.0639533107418057,0.0001836743406399918,112
46.076111714045204,1.552969786193408,0.07704099019368489,0.020681634276101726,0.0001,0.99,"(128,)",0.9,"{'alpha': 0.0001, 'beta_1': 0.99, 'hidden_layer_sizes': (128,), 'momentum': 0.9}",0.06369355599821268,0.0640831881136022,0.0640831881136022,0.0639533107418057,0.0001836743406399918,112
173.948708931605,14.764793812290106,0.200820525487264,0.012247576150009166,0.0001,0.99,"(512,)",0.5,"{'alpha': 0.0001, 'beta_1': 0.99, 'hidden_layer_sizes': (512,), 'momentum': 0.5}",0.0636094165583207,0.06412551518633246,0.08291874923232921,0.07021789365899413,0.008983332294477243,100
173.4935884475708,13.937357346589874,0.20995259284973145,0.002605960600659665,0.0001,0.99,"(512,)",0.7,"{'alpha': 0.0001, 'beta_1': 0.99, 'hidden_layer_sizes': (512,), 'momentum': 0.7}",0.0636094165583207,0.06412551518633246,0.08291874923232921,0.07021789365899413,0.008983332294477243,100
175.955291668574,13.302894288926847,0.19984698295593262,0.02046987402405505,0.0001,0.99,"(512,)",0.9,"{'alpha': 0.0001, 'beta_1': 0.99, 'hidden_layer_sizes': (512,), 'momentum': 0.9}",0.0636094165583207,0.06412551518633246,0.08291874923232921,0.07021789365899413,0.008983332294477243,100
301.1735630830129,146.58649875000893,0.3929900328318278,0.007557217533619461,0.0001,0.99,"(1024,)",0.5,"{'alpha': 0.0001, 'beta_1': 0.99, 'hidden_layer_sizes': (1024,), 'momentum': 0.5}",0.17362673913222468,0.21461431419211494,0.12333509904707195,0.17052538412380383,0.03732905554247659,34
301.58851925532025,146.37440448629056,0.4120330810546875,0.025003094813122316,0.0001,0.99,"(1024,)",0.7,"{'alpha': 0.0001, 'beta_1': 0.99, 'hidden_layer_sizes': (1024,), 'momentum': 0.7}",0.17362673913222468,0.21461431419211494,0.12333509904707195,0.17052538412380383,0.03732905554247659,34
298.89913233121234,142.40074765029632,0.4031980037689209,0.018053148933025225,0.0001,0.99,"(1024,)",0.9,"{'alpha': 0.0001, 'beta_1': 0.99, 'hidden_layer_sizes': (1024,), 'momentum': 0.9}",0.17362673913222468,0.21461431419211494,0.12333509904707195,0.17052538412380383,0.03732905554247659,34
507.164679368337,187.73069046071603,0.8562873204549154,0.12137522308948677,0.0001,0.99,"(2048,)",0.5,"{'alpha': 0.0001, 'beta_1': 0.99, 'hidden_layer_sizes': (2048,), 'momentum': 0.5}",0.21961002139440142,0.1848220026748306,0.24829534109185766,0.21757578838702987,0.02595277442325863,10
508.8500940799713,188.72352554175114,0.7558082739512125,0.06531847930739483,0.0001,0.99,"(2048,)",0.7,"{'alpha': 0.0001, 'beta_1': 0.99, 'hidden_layer_sizes': (2048,), 'momentum': 0.7}",0.21961002139440142,0.1848220026748306,0.24829534109185766,0.21757578838702987,0.02595277442325863,10
508.4005004564921,191.35038317444736,0.754622220993042,0.052198583563331964,0.0001,0.99,"(2048,)",0.9,"{'alpha': 0.0001, 'beta_1': 0.99, 'hidden_layer_sizes': (2048,), 'momentum': 0.9}",0.21961002139440142,0.1848220026748306,0.24829534109185766,0.21757578838702987,0.02595277442325863,10
39.36822215716044,4.93586724748195,0.08344101905822754,0.00763737535287386,0.0001,0.99,"(128, 128)",0.5,"{'alpha': 0.0001, 'beta_1': 0.99, 'hidden_layer_sizes': (128, 128), 'momentum': 0.5}",0.1736144760038063,0.22228763667469725,0.19292475235867795,0.1962756216790605,0.020011503130704635,19
39.412384033203125,4.638500272533083,0.07310740152994792,0.008068996192082279,0.0001,0.99,"(128, 128)",0.7,"{'alpha': 0.0001, 'beta_1': 0.99, 'hidden_layer_sizes': (128, 128), 'momentum': 0.7}",0.1736144760038063,0.22228763667469725,0.19292475235867795,0.1962756216790605,0.020011503130704635,19
38.9266250928243,4.763283636547296,0.07871691385904948,0.0031976171585808106,0.0001,0.99,"(128, 128)",0.9,"{'alpha': 0.0001, 'beta_1': 0.99, 'hidden_layer_sizes': (128, 128), 'momentum': 0.9}",0.1736144760038063,0.22228763667469725,0.19292475235867795,0.1962756216790605,0.020011503130704635,19
153.16299923261008,61.41923658095556,0.22926926612854004,0.010556168629963253,0.0001,0.99,"(512, 512)",0.5,"{'alpha': 0.0001, 'beta_1': 0.99, 'hidden_layer_sizes': (512, 512), 'momentum': 0.5}",0.18627604039405118,0.0640831881136022,0.2709234980750912,0.17376090886091486,0.084904651793291,31
151.2976344426473,63.52257133269235,0.23536014556884766,0.014080776878790299,0.0001,0.99,"(512, 512)",0.7,"{'alpha': 0.0001, 'beta_1': 0.99, 'hidden_layer_sizes': (512, 512), 'momentum': 0.7}",0.18627604039405118,0.0640831881136022,0.2709234980750912,0.17376090886091486,0.084904651793291,31
153.27803389231363,62.092916572311694,0.24886838595072427,0.010668769876761004,0.0001,0.99,"(512, 512)",0.9,"{'alpha': 0.0001, 'beta_1': 0.99, 'hidden_layer_sizes': (512, 512), 'momentum': 0.9}",0.18627604039405118,0.0640831881136022,0.2709234980750912,0.17376090886091486,0.084904651793291,31
229.33048367500305,46.602204027001214,0.50579833984375,0.007049800673492798,0.0001,0.99,"(1024, 1024)",0.5,"{'alpha': 0.0001, 'beta_1': 0.99, 'hidden_layer_sizes': (1024, 1024), 'momentum': 0.5}",0.0636094165583207,0.0640831881136022,0.0673459997788718,0.0650128681502649,0.0016610723983725882,106
232.3523911635081,45.008878204032015,0.537028948465983,0.07610267517430555,0.0001,0.99,"(1024, 1024)",0.7,"{'alpha': 0.0001, 'beta_1': 0.99, 'hidden_layer_sizes': (1024, 1024), 'momentum': 0.7}",0.0636094165583207,0.0640831881136022,0.0673459997788718,0.0650128681502649,0.0016610723983725882,106
237.91376868883768,55.878233555797344,0.48257072766621906,0.011154030075172901,0.0001,0.99,"(1024, 1024)",0.9,"{'alpha': 0.0001, 'beta_1': 0.99, 'hidden_layer_sizes': (1024, 1024), 'momentum': 0.9}",0.0636094165583207,0.0640831881136022,0.0673459997788718,0.0650128681502649,0.0016610723983725882,106
419.5248049894969,119.36806351672594,0.9561797777811686,0.044955499917681725,0.0001,0.99,"(2048, 2048)",0.5,"{'alpha': 0.0001, 'beta_1': 0.99, 'hidden_layer_sizes': (2048, 2048), 'momentum': 0.5}",0.0636094165583207,0.18170516487586713,0.0640831881136022,0.10313258984926334,0.05555953728272107,67
395.9004129568736,112.7756166925423,0.8433343569437662,0.12954415279977555,0.0001,0.99,"(2048, 2048)",0.7,"{'alpha': 0.0001, 'beta_1': 0.99, 'hidden_layer_sizes': (2048, 2048), 'momentum': 0.7}",0.0636094165583207,0.18170516487586713,0.0640831881136022,0.10313258984926334,0.05555953728272107,67
369.20574649175006,110.02736130103663,0.7959839502970377,0.09927905388194418,0.0001,0.99,"(2048, 2048)",0.9,"{'alpha': 0.0001, 'beta_1': 0.99, 'hidden_layer_sizes': (2048, 2048), 'momentum': 0.9}",0.0636094165583207,0.18170516487586713,0.0640831881136022,0.10313258984926334,0.05555953728272107,67
